id,actorUsername,action,timestamp,statusResult
LOG00001,seller@gmail.com,LOGIN,2026-10-05T23:43:10,FAILED
LOG00002,admin,LOGIN,2026-10-05T23:44:56,SUCCESS
LOG00003,admin,LOGOUT,2026-10-05T23:45:38,SUCCESS
LOG00004,admin,LOGIN,2026-10-05T23:45:56,SUCCESS
LOG00005,admin,CREATE_STADIUM STD03,2026-10-05T23:46:58,SUCCESS
LOG00006,admin,LOGOUT,2026-10-05T23:47:22,SUCCESS
LOG00007,admin,LOGIN,2026-10-05T23:47:32,FAILED
LOG00008,admin,LOGIN,2026-10-05T23:47:37,SUCCESS
LOG00009,admin,LOGOUT,2026-10-05T23:48:13,SUCCESS
LOG00010,admin,LOGIN,2026-10-05T23:48:28,FAILED
LOG00011,admin,LOGIN,2026-10-05T23:48:34,SUCCESS
LOG00012,admin,LOGOUT,2026-10-05T23:48:43,SUCCESS
LOG00013,admin,LOGIN,2026-10-05T23:49:48,SUCCESS
LOG00014,admin,LOGOUT,2026-10-05T23:49:55,SUCCESS
LOG00015,admin,LOGIN,2026-10-05T23:54:17,SUCCESS
LOG00016,admin,CREATE_STADIUM STD03,2026-10-05T23:55:05,SUCCESS
LOG00017,admin,SEAT_MAINTENANCE SEAT001 -> MAINTENANCE,2026-10-05T23:55:50,SUCCESS
LOG00018,admin,LOGOUT,2026-10-05T23:57:23,SUCCESS
