id,sectionId,rowNumber,seatNumber,status,version
SEAT001,SEC01,A,1,AVAILABLE,1
SEAT002,SEC01,A,2,AVAILABLE,1
SEAT003,SEC01,A,3,MAINTENANCE,2
SEAT004,SEC01,A,4,AVAILABLE,1
SEAT005,SEC01,A,5,AVAILABLE,1
SEAT006,SEC01,B,1,AVAILABLE,1
SEAT007,SEC01,B,2,AVAILABLE,1
SEAT008,SEC01,B,3,AVAILABLE,1
SEAT009,SEC01,B,4,AVAILABLE,1
SEAT010,SEC01,B,5,AVAILABLE,1
SEAT011,SEC02,C,1,AVAILABLE,1
SEAT012,SEC02,C,2,AVAILABLE,1
SEAT013,SEC02,C,3,AVAILABLE,1
SEAT014,SEC02,C,4,AVAILABLE,1
SEAT015,SEC02,C,5,AVAILABLE,1
SEAT016,SEC02,D,1,AVAILABLE,1
SEAT017,SEC02,D,2,AVAILABLE,1
SEAT018,SEC02,D,3,AVAILABLE,1
SEAT019,SEC02,D,4,AVAILABLE,1
SEAT020,SEC02,D,5,AVAILABLE,1
SEAT021,SEC03,A,1,AVAILABLE,1
SEAT022,SEC03,A,2,AVAILABLE,1
SEAT023,SEC03,A,3,AVAILABLE,1
SEAT024,SEC04,V,1,AVAILABLE,1
SEAT025,SEC04,V,2,AVAILABLE,1
