id,matchId,seatId,sectionId,ticketType,price,status,version,updatedAt
TK0001,M001,SEAT021,SEC03,STANDARD,700000,AVAILABLE,1,2026-10-05T23:15:58
TK0002,M001,SEAT022,SEC03,STANDARD,700000,AVAILABLE,1,2026-10-05T23:15:58
TK0003,M001,SEAT023,SEC03,STANDARD,700000,AVAILABLE,1,2026-10-05T23:15:58
TK0004,M001,SEAT024,SEC04,VIP,1000000,AVAILABLE,1,2026-10-05T23:15:58
TK0005,M001,SEAT025,SEC04,VIP,1000000,AVAILABLE,1,2026-10-05T23:15:58
TK0006,M002,SEAT001,SEC01,VIP,500000,CANCELLED,2,2026-10-05T23:55:50
TK0007,M002,SEAT002,SEC01,VIP,500000,AVAILABLE,1,2026-10-05T23:15:58
TK0008,M002,SEAT004,SEC01,VIP,500000,AVAILABLE,1,2026-10-05T23:15:58
TK0009,M002,SEAT005,SEC01,VIP,500000,AVAILABLE,1,2026-10-05T23:15:58
TK0010,M002,SEAT006,SEC01,VIP,500000,AVAILABLE,1,2026-10-05T23:15:58
TK0011,M002,SEAT007,SEC01,VIP,500000,AVAILABLE,1,2026-10-05T23:15:58
TK0012,M002,SEAT008,SEC01,VIP,500000,AVAILABLE,1,2026-10-05T23:15:58
TK0013,M002,SEAT009,SEC01,VIP,500000,AVAILABLE,1,2026-10-05T23:15:58
TK0014,M002,SEAT010,SEC01,VIP,500000,AVAILABLE,1,2026-10-05T23:15:58
TK0015,M002,SEAT011,SEC02,STANDARD,300000,AVAILABLE,1,2026-10-05T23:15:58
TK0016,M002,SEAT012,SEC02,STANDARD,300000,AVAILABLE,1,2026-10-05T23:15:58
TK0017,M002,SEAT013,SEC02,STANDARD,300000,AVAILABLE,1,2026-10-05T23:15:58
TK0018,M002,SEAT014,SEC02,STANDARD,300000,AVAILABLE,1,2026-10-05T23:15:58
TK0019,M002,SEAT015,SEC02,STANDARD,300000,AVAILABLE,1,2026-10-05T23:15:58
TK0020,M002,SEAT016,SEC02,STANDARD,300000,AVAILABLE,1,2026-10-05T23:15:58
TK0021,M002,SEAT017,SEC02,STANDARD,300000,AVAILABLE,1,2026-10-05T23:15:58
TK0022,M002,SEAT018,SEC02,STANDARD,300000,AVAILABLE,1,2026-10-05T23:15:58
TK0023,M002,SEAT019,SEC02,STANDARD,300000,AVAILABLE,1,2026-10-05T23:15:58
TK0024,M002,SEAT020,SEC02,STANDARD,300000,AVAILABLE,1,2026-10-05T23:15:58
